track,model,horizon,mae,mape,coverage,avg_width
short,xgboost,1,4201.24,1.9,0.88,15197.18
short,xgboost,2,6568.38,2.95,0.89,23047.51
short,xgboost,3,8123.82,3.63,0.87,28385.21
short,xgboost,4,9238.67,4.13,0.87,31509.4
short,xgboost,5,9928.1,4.43,0.81,31557.4
short,xgboost,6,10489.69,4.68,0.82,32109.57
short,xgboost,7,10538.72,4.69,0.79,32176.39
short,xgboost,1-7,8417.43,3.76,0.85,27651.81
short,sarima,1,3585.64,1.65,0.91,15696.0
short,sarima,2,5072.97,2.33,0.9,22347.35
short,sarima,3,5996.27,2.74,0.91,26710.54
short,sarima,4,6660.08,3.05,0.92,28381.85
short,sarima,5,7121.15,3.26,0.92,29859.23
short,sarima,6,7233.9,3.31,0.93,30221.25
short,sarima,7,7264.77,3.32,0.93,31817.49
short,sarima,1-7,6119.85,2.8,0.92,26377.52
short,persistence,1,5109.65,2.34,,
short,persistence,2,6493.46,2.97,,
short,persistence,3,7588.27,3.47,,
short,persistence,4,8383.16,3.83,,
short,persistence,5,9150.28,4.17,,
short,persistence,6,9534.65,4.33,,
short,persistence,7,8709.78,3.95,,
short,persistence,1-7,7837.43,3.57,,
short,last_week,1,8817.02,4.0,,
short,last_week,2,8833.71,4.01,,
short,last_week,3,8861.8,4.02,,
short,last_week,4,8848.65,4.02,,
short,last_week,5,8776.56,3.98,,
short,last_week,6,8739.49,3.97,,
short,last_week,7,8709.78,3.95,,
short,last_week,1-7,8798.64,3.99,,
long,xgboost,1-30,18110.35,8.05,0.7,44987.97
long,xgboost,31-90,21653.36,9.51,0.47,44987.97
long,xgboost,91-175,13849.06,6.19,0.86,44987.97
long,xgboost,1-175,17255.32,7.65,0.7,44987.97
long,prophet,1-30,3640.5,1.63,1.0,29408.05
long,prophet,31-90,4739.79,2.13,0.98,29440.29
long,prophet,91-175,13019.14,6.13,0.56,29548.52
long,prophet,1-175,8572.74,3.99,0.78,29487.33
long,sarima,1-30,6194.81,2.77,1.0,36941.53
long,sarima,31-90,6860.95,3.02,0.98,36941.53
long,sarima,91-175,10372.81,4.86,0.81,36941.53
long,sarima,1-175,8452.52,3.87,0.9,36941.53
long,seasonal_naive_364,1-30,9096.15,4.04,,
long,seasonal_naive_364,31-90,13964.55,6.17,,
long,seasonal_naive_364,91-175,11248.16,5.22,,
long,seasonal_naive_364,1-175,11810.58,5.34,,
